[
    {
        "_id": "028be9f8-ca61-416b-baa1-39883cc6925b",
        "name": {
            "_type": "localeString",
            "en": "BREAKFAST SPECIAL OFFERS"
        },
        "options": []
    },
    {
        "_id": "13c84b4a-e474-4c24-8ba6-aeac63c61628",
        "description": {
            "_type": "localeBlockContent",
            "en": [
                {
                    "_key": "5e1b6837c88d",
                    "_type": "block",
                    "children": [
                        {
                            "_key": "5e1b6837c88d0",
                            "_type": "span",
                            "marks": [],
                            "text": ""
                        }
                    ],
                    "markDefs": [],
                    "style": "normal"
                }
            ]
        },
        "image": {
            "_type": "image",
            "asset": {
                "_ref": "image-1621f503107bc95d1c8b8de88e17881ecba408bf-870x570-png",
                "_type": "reference"
            }
        },
        "name": {
            "_type": "localeString",
            "en": "ONION RINGS"
        },
        "options": [
            {
                "_key": "2fa2f17e7022",
                "_ref": "item_689",
                "_type": "item"
            },
            {
                "_key": "644905d810c2",
                "_ref": "item_688",
                "_type": "item"
            },
            {
                "_key": "6ef78152f9b5",
                "_ref": "item_687",
                "_type": "item"
            },
            {
                "_key": "d39bb93b0de1",
                "_ref": "item_686",
                "_type": "item"
            }
        ]
    },
    {
        "_id": "19768091-de8c-4e48-a533-b7a5e27146c6",
        "description": {
            "_type": "localeBlockContent"
        },
        "image": {
            "_type": "image",
            "asset": {
                "_ref": "image-3953f6798ab647adaf727638986f1317509e0ef5-707x1315-png",
                "_type": "reference"
            }
        },
        "name": {
            "_type": "localeString",
            "en": "Coca-Cola® Zero Sugar"
        },
        "options": [
            {
                "_key": "4f8000ae8579",
                "_ref": "item_43110",
                "_type": "item"
            },
            {
                "_key": "8c5960cab3d8",
                "_ref": "item_43111",
                "_type": "item"
            },
            {
                "_key": "0e5f422a8933",
                "_ref": "item_43112",
                "_type": "item"
            },
            {
                "_key": "acd2073b197e",
                "_ref": "item_43113",
                "_type": "item"
            }
        ]
    },
    {
        "_id": "27851091-c951-46d8-a308-4378155c5926",
        "description": {
            "_type": "localeBlockContent"
        },
        "image": {
            "_type": "image",
            "asset": {
                "_ref": "image-4d03159347c337f382a4a293f91728623bb2c3d6-718x1336-png",
                "_type": "reference"
            }
        },
        "name": {
            "_type": "localeString",
            "en": "Sprite Zero™"
        },
        "options": [
            {
                "_key": "69d9614f732e",
                "_ref": "item_43115",
                "_type": "item"
            },
            {
                "_key": "eb2efba84c1e",
                "_ref": "item_43116",
                "_type": "item"
            },
            {
                "_key": "a958f32a6eb7",
                "_ref": "item_43117",
                "_type": "item"
            },
            {
                "_key": "ea1fd5f4ba08",
                "_ref": "item_43118",
                "_type": "item"
            }
        ]
    },
    {
        "_id": "2d877ec2-d0c0-4dfe-a743-b55857036e96",
        "description": {
            "_type": "localeBlockContent",
            "en": [
                {
                    "_key": "a3585bfca819",
                    "_type": "block",
                    "children": [
                        {
                            "_key": "a3585bfca8190",
                            "_type": "span",
                            "marks": [],
                            "text": ""
                        }
                    ],
                    "markDefs": [],
                    "style": "normal"
                }
            ]
        },
        "image": {
            "_type": "image",
            "asset": {
                "_ref": "image-f59e507e9ad582b3734c55d9ec58389a16610053-870x570-png",
                "_type": "reference"
            }
        },
        "name": {
            "_type": "localeString",
            "en": "CLASSIC FRIES"
        },
        "options": [
            {
                "_key": "04f22d6ddda3",
                "_ref": "item_542",
                "_type": "item"
            },
            {
                "_key": "c0e71a283cfb",
                "_ref": "item_541",
                "_type": "item"
            },
            {
                "_key": "a81480fef1c2",
                "_ref": "item_540",
                "_type": "item"
            },
            {
                "_key": "63a395a0f2a5",
                "_ref": "item_539",
                "_type": "item"
            }
        ]
    },
    {
        "_id": "2dcfaebf-ee46-4621-a7f0-d9182cba4ea1",
        "description": {
            "_type": "localeBlockContent"
        },
        "image": {
            "_type": "image",
            "asset": {
                "_ref": "image-a716c3b7cbec096ba7736e29f34cab318a68af33-405x800-jpg",
                "_type": "reference"
            }
        },
        "name": {
            "_type": "localeString",
            "en": "Dr. Pepper®"
        },
        "options": [
            {
                "_key": "3299583a1bcf",
                "_ref": "item_43100",
                "_type": "item"
            },
            {
                "_key": "584490596aa0",
                "_ref": "item_43101",
                "_type": "item"
            },
            {
                "_key": "52ef1b73cb80",
                "_ref": "item_43102",
                "_type": "item"
            },
            {
                "_key": "a9c908c1552d",
                "_ref": "item_43103",
                "_type": "item"
            }
        ]
    },
    {
        "_id": "3a1042e0-21c1-4b12-80c2-532397360417",
        "daypart": [],
        "description": {
            "_type": "localeBlockContent"
        },
        "image": {
            "_type": "image",
            "asset": {
                "_ref": "image-9e84edcc1f501c813a5176935a0e05d97ede272f-870x570-png",
                "_type": "reference"
            }
        },
        "name": {
            "_type": "localeString",
            "en": "BK Joe Coffee"
        },
        "options": [
            {
                "_key": "b6c26c9a1f76",
                "_ref": "item_199",
                "_type": "item"
            },
            {
                "_key": "57c192b70dca",
                "_ref": "item_195",
                "_type": "item"
            },
            {
                "_key": "4bce4bbcc2ef",
                "_ref": "item_194",
                "_type": "item"
            }
        ]
    },
    {
        "_id": "59f11ce4-6348-4623-86fe-57d79288f7c8",
        "daypart": [],
        "description": {
            "_type": "localeBlockContent"
        },
        "image": {
            "_type": "image",
            "asset": {
                "_ref": "image-d663f40e39e9a894d7547d524835ab809f988ba7-721x1344-png",
                "_type": "reference"
            }
        },
        "name": {
            "_type": "localeString",
            "en": "Mello Yello Zero™"
        },
        "options": [
            {
                "_key": "408e9efdc60e",
                "_ref": "item_43145",
                "_type": "item"
            },
            {
                "_key": "c925fb86d3d2",
                "_ref": "item_43146",
                "_type": "item"
            },
            {
                "_key": "48c8ee2759ef",
                "_ref": "item_43147",
                "_type": "item"
            },
            {
                "_key": "79f664bd6be7",
                "_ref": "item_43148",
                "_type": "item"
            }
        ]
    },
    {
        "_id": "6489506e-4d67-4faf-93a3-8c82cc7233d2",
        "description": {
            "_type": "localeBlockContent"
        },
        "image": {
            "_type": "image",
            "asset": {
                "_ref": "image-9e84edcc1f501c813a5176935a0e05d97ede272f-870x570-png",
                "_type": "reference"
            }
        },
        "name": {
            "_type": "localeString",
            "en": "BK Joe Decaf Coffee"
        },
        "options": [
            {
                "_key": "51c59cf2bc46",
                "_ref": "item_192",
                "_type": "item"
            },
            {
                "_key": "7dc095a731c7",
                "_ref": "item_191",
                "_type": "item"
            },
            {
                "_key": "37fdb9c1c8c9",
                "_ref": "item_190",
                "_type": "item"
            }
        ]
    },
    {
        "_id": "730ff553-1ccc-4465-a80f-289e3f4e42df",
        "description": {
            "_type": "localeBlockContent"
        },
        "image": {
            "_type": "image",
            "asset": {
                "_ref": "image-4d3702336b8602cbe532a43c4c6f3aacd95247b3-719x1345-png",
                "_type": "reference"
            }
        },
        "name": {
            "_type": "localeString",
            "en": "HI-C® Fruit Punch"
        },
        "options": [
            {
                "_key": "4c9ace11e143",
                "_ref": "item_43155",
                "_type": "item"
            },
            {
                "_key": "4387259d2a7b",
                "_ref": "item_43156",
                "_type": "item"
            },
            {
                "_key": "256055a3e876",
                "_ref": "item_43157",
                "_type": "item"
            },
            {
                "_key": "e8f60146e759",
                "_ref": "item_43158",
                "_type": "item"
            }
        ]
    },
    {
        "_id": "74cd3784-64c9-4d98-a557-57a01ee4aa11",
        "description": {
            "_type": "localeBlockContent"
        },
        "image": {
            "_type": "image",
            "asset": {
                "_ref": "image-3025dc0d5437c54849163bec53e69aa4f3040690-722x1342-png",
                "_type": "reference"
            }
        },
        "name": {
            "_type": "localeString",
            "en": "Fanta® Orange"
        },
        "options": [
            {
                "_key": "95f5213728d5",
                "_ref": "item_43105",
                "_type": "item"
            },
            {
                "_key": "8d408ee3d785",
                "_ref": "item_43106",
                "_type": "item"
            },
            {
                "_key": "242dc3bbd971",
                "_ref": "item_43107",
                "_type": "item"
            },
            {
                "_key": "7f1bb25bdfcd",
                "_ref": "item_43108",
                "_type": "item"
            }
        ]
    },
    {
        "_id": "7699cecf-b5c0-4e45-93fe-dcb74329ed07",
        "name": {
            "_type": "localeString",
            "en": "FOUNTAIN DRINK"
        },
        "options": [
            {
                "_key": "6a8dddb2ebe7",
                "_ref": "item_826",
                "_type": "item"
            },
            {
                "_key": "668ea6675375",
                "_ref": "item_825",
                "_type": "item"
            },
            {
                "_key": "51a61430e562",
                "_ref": "item_824",
                "_type": "item"
            },
            {
                "_key": "d7ed8faac5bf",
                "_ref": "item_823",
                "_type": "item"
            }
        ]
    },
    {
        "_id": "8c423018-38a9-442e-8c40-60910a293dd0",
        "image": {
            "_type": "image",
            "asset": {
                "_ref": "image-d33608ba9c28604c70dd5dc24deec0c336df9919-870x570-png",
                "_type": "reference"
            }
        },
        "name": {
            "_type": "localeString",
            "en": "HASH BROWNS"
        },
        "options": [
            {
                "_key": "742891181f6c",
                "_ref": "item_570",
                "_type": "item"
            },
            {
                "_key": "3b51be93a065",
                "_ref": "item_569",
                "_type": "item"
            },
            {
                "_key": "e38c158e6860",
                "_ref": "item_568",
                "_type": "item"
            }
        ]
    },
    {
        "_id": "8ef219cb-d97f-4d4e-a1e4-6c46571bdb1d",
        "description": {
            "_type": "localeBlockContent"
        },
        "image": {
            "_type": "image",
            "asset": {
                "_ref": "image-68f03e4dbc793e1ad4c921373f2561e7096f559a-870x570-png",
                "_type": "reference"
            }
        },
        "name": {
            "_type": "localeString",
            "en": "Sweetened Iced Tea"
        },
        "options": [
            {
                "_key": "5f6637b3fbb0",
                "_ref": "item_881",
                "_type": "item"
            },
            {
                "_key": "b378c05b04cd",
                "_ref": "item_880",
                "_type": "item"
            },
            {
                "_key": "63f923d6a856",
                "_ref": "item_879",
                "_type": "item"
            },
            {
                "_key": "2c4bc7b00024",
                "_ref": "item_878",
                "_type": "item"
            }
        ]
    },
    {
        "_id": "9c03a84c-4e53-42c2-9b2a-033cb01aa8de",
        "description": {
            "_type": "localeBlockContent"
        },
        "image": {
            "_type": "image",
            "asset": {
                "_ref": "image-1dfe8d95de254ff222b37faa81b2cb60618593f8-716x1341-png",
                "_type": "reference"
            }
        },
        "name": {
            "_type": "localeString",
            "en": "Mello Yello®"
        },
        "options": [
            {
                "_key": "c1739ed9f881",
                "_ref": "item_43140",
                "_type": "item"
            },
            {
                "_key": "8d282394ad35",
                "_ref": "item_43141",
                "_type": "item"
            },
            {
                "_key": "adc0f5229db0",
                "_ref": "item_43142",
                "_type": "item"
            },
            {
                "_key": "77e53110ce93",
                "_ref": "item_43143",
                "_type": "item"
            }
        ]
    },
    {
        "_id": "b1413492-934c-442d-9a2d-cfb35627dd85",
        "description": {
            "_type": "localeBlockContent"
        },
        "image": {
            "_type": "image",
            "asset": {
                "_ref": "image-c9d29a4461dd747d51d50a5b7e004ee17046dcfe-721x1342-png",
                "_type": "reference"
            }
        },
        "name": {
            "_type": "localeString",
            "en": "POWERADE ZERO™"
        },
        "options": [
            {
                "_key": "f225490777a3",
                "_ref": "item_43135",
                "_type": "item"
            },
            {
                "_key": "9c744731d72e",
                "_ref": "item_43136",
                "_type": "item"
            },
            {
                "_key": "009bdeece95e",
                "_ref": "item_43137",
                "_type": "item"
            },
            {
                "_key": "57b422012102",
                "_ref": "item_43138",
                "_type": "item"
            }
        ]
    },
    {
        "_id": "ba1e30a1-8138-4a5e-8609-f7b9ebc6bf59",
        "description": {
            "_type": "localeBlockContent",
            "en": [
                {
                    "_key": "1f0e20c5c96d",
                    "_type": "block",
                    "children": [
                        {
                            "_key": "1f0e20c5c96d0",
                            "_type": "span",
                            "marks": [],
                            "text": "Perfect with any meal, enjoy the genuine taste of Coca-Cola®.\n\n© 2018 The Coca-Cola Company. \"Coca-Cola\" is a registered trademark of The Coca-Cola Company."
                        }
                    ],
                    "markDefs": [],
                    "style": "normal"
                }
            ]
        },
        "image": {
            "_type": "image",
            "asset": {
                "_ref": "image-86005104b1b8b8d4449c53e6c047d995574b0583-870x570-png",
                "_type": "reference"
            }
        },
        "name": {
            "_type": "localeString",
            "en": "Coca-Cola®"
        },
        "options": [
            {
                "_key": "e94604a9bb74",
                "_ref": "item_43085",
                "_type": "item"
            },
            {
                "_key": "73bd88cf06f6",
                "_ref": "item_43086",
                "_type": "item"
            },
            {
                "_key": "b8834fad46a9",
                "_ref": "item_43087",
                "_type": "item"
            },
            {
                "_key": "9a75304cb2ff",
                "_ref": "item_43088",
                "_type": "item"
            }
        ]
    },
    {
        "_id": "bf366fa3-3fd3-481d-9210-249e9ae0917b",
        "description": {
            "_type": "localeBlockContent"
        },
        "image": {
            "_type": "image",
            "asset": {
                "_ref": "image-68f03e4dbc793e1ad4c921373f2561e7096f559a-870x570-png",
                "_type": "reference"
            }
        },
        "name": {
            "_type": "localeString",
            "en": "Unsweetened Iced Tea"
        },
        "options": [
            {
                "_key": "5e81819e125e",
                "_ref": "item_886",
                "_type": "item"
            },
            {
                "_key": "4268d3afd06c",
                "_ref": "item_885",
                "_type": "item"
            },
            {
                "_key": "7620e9662a54",
                "_ref": "item_884",
                "_type": "item"
            },
            {
                "_key": "66a9500888ea",
                "_ref": "item_883",
                "_type": "item"
            }
        ]
    },
    {
        "_id": "c19744d8-9952-455a-b824-90bd085b6cec",
        "description": {
            "_type": "localeBlockContent"
        },
        "image": {
            "_type": "image",
            "asset": {
                "_ref": "image-67560e7bc91669d9563670d3dd30f203a0438519-719x1346-png",
                "_type": "reference"
            }
        },
        "name": {
            "_type": "localeString",
            "en": "HI-C® Pink Lemonade"
        },
        "options": [
            {
                "_key": "aa5a28e372c6",
                "_ref": "item_43150",
                "_type": "item"
            },
            {
                "_key": "56e72dcb416a",
                "_ref": "item_43151",
                "_type": "item"
            },
            {
                "_key": "804072453d29",
                "_ref": "item_43152",
                "_type": "item"
            },
            {
                "_key": "9f26bc434fb0",
                "_ref": "item_43153",
                "_type": "item"
            }
        ]
    },
    {
        "_id": "c5bcf77e-7c8e-44f3-bea0-9ed4a87dff71",
        "description": {
            "_type": "localeBlockContent"
        },
        "image": {
            "_type": "image",
            "asset": {
                "_ref": "image-1f7a78dfec9bb8989f7320bf694e00702efac452-716x1345-png",
                "_type": "reference"
            }
        },
        "name": {
            "_type": "localeString",
            "en": "Diet Barq's®"
        },
        "options": [
            {
                "_key": "079687d98c4e",
                "_ref": "item_43125",
                "_type": "item"
            },
            {
                "_key": "79de32f541ed",
                "_ref": "item_43126",
                "_type": "item"
            },
            {
                "_key": "2aeb555bfe1d",
                "_ref": "item_43127",
                "_type": "item"
            },
            {
                "_key": "501913e269d2",
                "_ref": "item_43128",
                "_type": "item"
            }
        ]
    },
    {
        "_id": "d6031874-3ac5-4c97-b100-eed6e3531d84",
        "image": {
            "_type": "image",
            "asset": {
                "_ref": "image-b5039b9ad7b777d6f8a1e4628e4e6a586f7ac531-1571x1058-png",
                "_type": "reference"
            }
        },
        "name": {
            "_type": "localeString",
            "en": "SPECIAL OFFERS"
        },
        "options": [
            {
                "_key": "2e18c8fee112",
                "_ref": "072666dc-64f9-4fb4-bf76-3bf619c477fd",
                "_type": "offer"
            }
        ]
    },
    {
        "_id": "e7956da5-23e1-4f57-8cd2-d974ff5af9cd",
        "description": {
            "_type": "localeBlockContent"
        },
        "image": {
            "_type": "image",
            "asset": {
                "_ref": "image-55203b80b30b35752584f6e38c63ae7ea0a98af4-406x800-png",
                "_type": "reference"
            }
        },
        "name": {
            "_type": "localeString",
            "en": "Diet Coke®"
        },
        "options": [
            {
                "_key": "bb4c5ca1ae47",
                "_ref": "item_43090",
                "_type": "item"
            },
            {
                "_key": "947645e5d834",
                "_ref": "item_43091",
                "_type": "item"
            },
            {
                "_key": "c3c797c9f55f",
                "_ref": "item_43092",
                "_type": "item"
            },
            {
                "_key": "c6b09d3fb828",
                "_ref": "item_43093",
                "_type": "item"
            }
        ]
    },
    {
        "_id": "e89617fe-19d2-42d3-987e-65f95de27525",
        "description": {
            "_type": "localeBlockContent"
        },
        "image": {
            "_type": "image",
            "asset": {
                "_ref": "image-08ba732a0dfe2d8b7b47262cb0761a068e2d5949-405x800-jpg",
                "_type": "reference"
            }
        },
        "name": {
            "_type": "localeString",
            "en": "Sprite®"
        },
        "options": [
            {
                "_key": "a7124bf1986e",
                "_ref": "item_43095",
                "_type": "item"
            },
            {
                "_key": "86439c1f9683",
                "_ref": "item_43096",
                "_type": "item"
            },
            {
                "_key": "dac231b99ddf",
                "_ref": "item_43097",
                "_type": "item"
            },
            {
                "_key": "0cd7e674444e",
                "_ref": "item_43098",
                "_type": "item"
            }
        ]
    },
    {
        "_id": "ed7bd842-51be-48fc-9b75-ab3c995c8659",
        "image": {
            "_type": "image",
            "asset": {
                "_ref": "image-a1ac9fad981046eff8400e019518fb2b130d4e37-717x1343-png",
                "_type": "reference"
            }
        },
        "name": {
            "_type": "localeString",
            "en": "Barq's® "
        },
        "options": [
            {
                "_key": "7d902fdb5f3e",
                "_ref": "item_43120",
                "_type": "item"
            },
            {
                "_key": "d470465f99c1",
                "_ref": "item_43121",
                "_type": "item"
            },
            {
                "_key": "dd6081c0a240",
                "_ref": "item_43122",
                "_type": "item"
            },
            {
                "_key": "f50c2d0ed1bf",
                "_ref": "item_43123",
                "_type": "item"
            }
        ]
    },
    {
        "_id": "f1a1695f-3af4-461c-96a0-4e98bff7e716",
        "carouselImage": {
            "_type": "image",
            "asset": {
                "_ref": "image-8f6283bdba078e63b14eb255cc9b2685efd62a5a-870x570-png",
                "_type": "reference"
            },
            "crop": {
                "_type": "sanity.imageCrop",
                "bottom": 0,
                "left": 0.06321839080459776,
                "right": 0.014942528735632177,
                "top": 0
            },
            "hotspot": {
                "_type": "sanity.imageHotspot",
                "height": 1,
                "width": 0.92183908045977,
                "x": 0.5241379310344828,
                "y": 0.5
            }
        },
        "image": {
            "_type": "image",
            "asset": {
                "_ref": "image-eee6f84c9154e9aa7ddcce7e7958d8594e54e2e9-864x648-jpg",
                "_type": "reference"
            }
        },
        "name": {
            "_type": "localeString",
            "en": "COMBO MEALS"
        },
        "options": [
            {
                "_key": "608ff9d35797",
                "_ref": "4KPdxyeKLfFDx0f2UdbMDn",
                "_type": "picker"
            },
            {
                "_key": "6949c61038d8",
                "_ref": "wf8XTxu14kfjWg5ti1cn1j",
                "_type": "picker"
            },
            {
                "_key": "1c1565bd3042",
                "_ref": "sq9L45nK3Q4RgaGoLQSp8V",
                "_type": "picker"
            },
            {
                "_key": "1c20fb5e0d24",
                "_ref": "sq9L45nK3Q4RgaGoLQT8i3",
                "_type": "picker"
            },
            {
                "_key": "bafffa2c515b",
                "_ref": "4KPdxyeKLfFDx0f2UdgC35",
                "_type": "picker"
            },
            {
                "_key": "7cf7bd8f47db",
                "_ref": "4KPdxyeKLfFDx0f2Ude1sb",
                "_type": "picker"
            },
            {
                "_key": "94e233344f0c",
                "_ref": "4KPdxyeKLfFDx0f2Udedyl",
                "_type": "picker"
            },
            {
                "_key": "5ad9c0e9fc70",
                "_ref": "wf8XTxu14kfjWg5ti1e1jD",
                "_type": "picker"
            },
            {
                "_key": "d720a8a63235",
                "_ref": "sq9L45nK3Q4RgaGoLQVnXP",
                "_type": "picker"
            },
            {
                "_key": "2f90e09ca1d0",
                "_ref": "picker_5544",
                "_type": "picker"
            },
            {
                "_key": "30c5ae4be349",
                "_ref": "4KPdxyeKLfFDx0f2UdfGYj",
                "_type": "picker"
            },
            {
                "_key": "a86efc38093c",
                "_ref": "wf8XTxu14kfjWg5ti1edep",
                "_type": "picker"
            },
            {
                "_key": "b7cca8ef0ceb",
                "_ref": "sq9L45nK3Q4RgaGoLQWXPn",
                "_type": "picker"
            }
        ]
    },
    {
        "_id": "f46148c4-44b6-4e19-b31a-3bff5726db72",
        "description": {
            "_type": "localeBlockContent"
        },
        "image": {
            "_type": "image",
            "asset": {
                "_ref": "image-3a3fbd7ade4890046c74d336b5f62d863f536089-721x1344-png",
                "_type": "reference"
            }
        },
        "name": {
            "_type": "localeString",
            "en": "POWERADE®"
        },
        "options": [
            {
                "_key": "a12eee548d1b",
                "_ref": "item_43130",
                "_type": "item"
            },
            {
                "_key": "ee0d9c1fca47",
                "_ref": "item_43131",
                "_type": "item"
            },
            {
                "_key": "2eaf26c59ce1",
                "_ref": "item_43132",
                "_type": "item"
            },
            {
                "_key": "943ef230a996",
                "_ref": "item_43133",
                "_type": "item"
            }
        ]
    },
    {
        "_id": "f509ca10-85d9-4ad2-842e-3279195e4912",
        "carouselImage": {
            "_type": "image",
            "asset": {
                "_ref": "image-e08256b8691ffbe5599cf4a1ed93d0d2360b0d22-870x570-png",
                "_type": "reference"
            }
        },
        "image": {
            "_type": "image",
            "asset": {
                "_ref": "image-af1af9322d3a27ae9ea9a0a6a142b1c6f34217d9-800x800-jpg",
                "_type": "reference"
            },
            "crop": {
                "_type": "sanity.imageCrop",
                "bottom": 0,
                "left": 0.18867924528301888,
                "right": 0.0026954177897573484,
                "top": 0.2075471698113208
            },
            "hotspot": {
                "_type": "sanity.imageHotspot",
                "height": 0.7924528301886792,
                "width": 0.8086253369272237,
                "x": 0.5929919137466307,
                "y": 0.6037735849056604
            }
        },
        "name": {
            "_type": "localeString",
            "en": "SPECIAL OFFERS"
        },
        "options": [
            {
                "_key": "abeba6a17c2b",
                "_ref": "item_186",
                "_type": "item"
            },
            {
                "_key": "813ceb590295",
                "_ref": "item_42587",
                "_type": "item"
            }
        ]
    },
    {
        "_id": "section_4832",
        "image": {
            "_type": "image",
            "asset": {
                "_ref": "image-71dd0d1721c5739b42c0af77d9f88e6dc6962f75-870x570-png",
                "_type": "reference"
            }
        },
        "name": {
            "_type": "localeString",
            "en": "BREAKFAST SANDWICHES",
            "es": "",
            "fr": ""
        },
        "options": [
            {
                "_key": "item_312",
                "_ref": "item_312",
                "_type": "item"
            },
            {
                "_key": "item_299",
                "_ref": "item_299",
                "_type": "item"
            },
            {
                "_key": "item_307",
                "_ref": "item_307",
                "_type": "item"
            },
            {
                "_key": "item_320",
                "_ref": "item_320",
                "_type": "item"
            },
            {
                "_key": "8e75df6be195",
                "_ref": "item_343",
                "_type": "item"
            },
            {
                "_key": "a167cdd2661a",
                "_ref": "item_14383",
                "_type": "item"
            },
            {
                "_key": "e1f176f4838b",
                "_ref": "item_306",
                "_type": "item"
            },
            {
                "_key": "item_91",
                "_ref": "item_91",
                "_type": "item"
            },
            {
                "_key": "item_64",
                "_ref": "item_64",
                "_type": "item"
            },
            {
                "_key": "7d3e1b6b8dc1",
                "_ref": "item_342",
                "_type": "item"
            },
            {
                "_key": "4d4209ec20cd",
                "_ref": "item_68",
                "_type": "item"
            },
            {
                "_key": "f2fba513b33b",
                "_ref": "item_36984",
                "_type": "item"
            },
            {
                "_key": "item_36583",
                "_ref": "item_36583",
                "_type": "item"
            },
            {
                "_key": "item_36929",
                "_ref": "item_36929",
                "_type": "item"
            },
            {
                "_key": "item_36928",
                "_ref": "item_36928",
                "_type": "item"
            },
            {
                "_key": "e14edd346644",
                "_ref": "item_88",
                "_type": "item"
            }
        ]
    },
    {
        "_id": "section_4833",
        "image": {
            "_type": "image",
            "asset": {
                "_ref": "image-93da3b870c79e4ccbc2fd5862b423c1e4c3ed83a-870x570-png",
                "_type": "reference"
            }
        },
        "name": {
            "_type": "localeString",
            "en": "BREAKFAST MEALS",
            "es": "",
            "fr": ""
        },
        "options": [
            {
                "_key": "picker_4735",
                "_ref": "picker_4735",
                "_type": "picker"
            },
            {
                "_key": "picker_4736",
                "_ref": "picker_4736",
                "_type": "picker"
            },
            {
                "_key": "picker_4737",
                "_ref": "picker_4737",
                "_type": "picker"
            },
            {
                "_key": "picker_4738",
                "_ref": "picker_4738",
                "_type": "picker"
            },
            {
                "_key": "picker_4739",
                "_ref": "picker_4739",
                "_type": "picker"
            },
            {
                "_key": "picker_4740",
                "_ref": "picker_4740",
                "_type": "picker"
            },
            {
                "_key": "picker_4741",
                "_ref": "picker_4741",
                "_type": "picker"
            },
            {
                "_key": "picker_4742",
                "_ref": "picker_4742",
                "_type": "picker"
            },
            {
                "_key": "ee01587a178f",
                "_ref": "a9ded791-1e24-4f08-86bc-a488d0194d01",
                "_type": "picker"
            },
            {
                "_key": "picker_4743",
                "_ref": "picker_4743",
                "_type": "picker"
            },
            {
                "_key": "picker_4744",
                "_ref": "picker_4744",
                "_type": "picker"
            },
            {
                "_key": "picker_4745",
                "_ref": "picker_4745",
                "_type": "picker"
            },
            {
                "_key": "picker_4746",
                "_ref": "picker_4746",
                "_type": "picker"
            },
            {
                "_key": "picker_4747",
                "_ref": "picker_4747",
                "_type": "picker"
            },
            {
                "_key": "picker_4748",
                "_ref": "picker_4748",
                "_type": "picker"
            },
            {
                "_key": "picker_4749",
                "_ref": "picker_4749",
                "_type": "picker"
            },
            {
                "_key": "de9a71ce2558",
                "_ref": "94f014fc-0be3-412c-b4b7-295e765b43fd",
                "_type": "picker"
            }
        ]
    },
    {
        "_id": "section_4834",
        "image": {
            "_type": "image",
            "asset": {
                "_ref": "image-a223c8341b0e7fe8b4d05e3e164e82943d526315-870x570-png",
                "_type": "reference"
            }
        },
        "name": {
            "_type": "localeString",
            "en": "PLATTERS & BURRITOS",
            "es": "",
            "fr": ""
        },
        "options": [
            {
                "_key": "item_18654",
                "_ref": "item_18654",
                "_type": "item"
            },
            {
                "_key": "58863c302eb3",
                "_ref": "item_17209",
                "_type": "item"
            },
            {
                "_key": "item_711",
                "_ref": "item_711",
                "_type": "item"
            },
            {
                "_key": "item_708",
                "_ref": "item_708",
                "_type": "item"
            },
            {
                "_key": "item_912",
                "_ref": "item_912",
                "_type": "item"
            }
        ]
    },
    {
        "_id": "section_4835",
        "image": {
            "_type": "image",
            "asset": {
                "_ref": "image-f483521c989beef3810e770c92443aa5d2fd1b95-870x570-png",
                "_type": "reference"
            }
        },
        "name": {
            "_type": "localeString",
            "en": "BREAKFAST SIDES",
            "es": "",
            "fr": ""
        },
        "options": [
            {
                "_key": "6c06541d7711",
                "_ref": "item_42587",
                "_type": "item"
            },
            {
                "_key": "950bb7b8a0e3",
                "_ref": "item_186",
                "_type": "item"
            },
            {
                "_key": "e1335a5c33ab",
                "_ref": "8c423018-38a9-442e-8c40-60910a293dd0",
                "_type": "section"
            },
            {
                "_key": "item_544",
                "_ref": "item_544",
                "_type": "item"
            },
            {
                "_key": "item_545",
                "_ref": "item_545",
                "_type": "item"
            },
            {
                "_key": "ba8a42c2022f",
                "_ref": "2d877ec2-d0c0-4dfe-a743-b55857036e96",
                "_type": "section"
            }
        ]
    },
    {
        "_id": "section_5596",
        "carouselImage": {
            "_type": "image",
            "asset": {
                "_ref": "image-10b88daa3b93d4bdd8f6ae0b2e99e7f6295a55d4-870x570-png",
                "_type": "reference"
            }
        },
        "description": {
            "_type": "localeBlockContent",
            "en": [
                {
                    "_key": "ba181b285340",
                    "_type": "block",
                    "children": [
                        {
                            "_key": "ba181b2853400",
                            "_type": "span",
                            "marks": [],
                            "text": ""
                        }
                    ],
                    "markDefs": [],
                    "style": "normal"
                }
            ]
        },
        "image": {
            "_type": "image",
            "asset": {
                "_ref": "image-e1c01c470dbeb57a7d69a076f947b0d6d06753d8-864x648-jpg",
                "_type": "reference"
            }
        },
        "name": {
            "_type": "localeString",
            "en": "FLAME GRILLED BEEF",
            "es": "",
            "fr": ""
        },
        "options": [
            {
                "_key": "picker_5520",
                "_ref": "picker_5520",
                "_type": "picker"
            },
            {
                "_key": "fcee7154c920",
                "_ref": "picker_5521",
                "_type": "picker"
            },
            {
                "_key": "picker_5524",
                "_ref": "picker_5524",
                "_type": "picker"
            },
            {
                "_key": "picker_5529",
                "_ref": "picker_5529",
                "_type": "picker"
            },
            {
                "_key": "picker_5547",
                "_ref": "picker_5547",
                "_type": "picker"
            },
            {
                "_key": "picker_5539",
                "_ref": "picker_5539",
                "_type": "picker"
            },
            {
                "_key": "picker_5530",
                "_ref": "picker_5530",
                "_type": "picker"
            }
        ]
    },
    {
        "_id": "section_5597",
        "carouselImage": {
            "_type": "image",
            "asset": {
                "_ref": "image-8906cee30c9d266be6984cbcd9355302e95d0e9c-870x570-png",
                "_type": "reference"
            },
            "crop": {
                "_type": "sanity.imageCrop",
                "bottom": 0,
                "left": 0,
                "right": 0,
                "top": 0
            },
            "hotspot": {
                "_type": "sanity.imageHotspot",
                "height": 1,
                "width": 1,
                "x": 0.5,
                "y": 0.5
            }
        },
        "image": {
            "_type": "image",
            "asset": {
                "_ref": "image-89ebc7e820ec26b5052f750cd5607530d317cc1f-640x640-jpg",
                "_type": "reference"
            }
        },
        "name": {
            "_type": "localeString",
            "en": "CHICKEN & FISH",
            "es": "",
            "fr": ""
        },
        "options": [
            {
                "_key": "picker_5531",
                "_ref": "picker_5531",
                "_type": "picker"
            },
            {
                "_key": "picker_5533",
                "_ref": "picker_5533",
                "_type": "picker"
            },
            {
                "_key": "7ffde1130048",
                "_ref": "4KPdxyeKLfFDx0f2UeGnrl",
                "_type": "picker"
            },
            {
                "_key": "picker_5535",
                "_ref": "picker_5535",
                "_type": "picker"
            },
            {
                "_key": "picker_5536",
                "_ref": "picker_5536",
                "_type": "picker"
            },
            {
                "_key": "picker_5537",
                "_ref": "picker_5537",
                "_type": "picker"
            }
        ]
    },
    {
        "_id": "section_5598",
        "carouselImage": {
            "_type": "image",
            "asset": {
                "_ref": "image-a7a518c87ad790624fbdcb5985838a6dc07dfd54-870x570-png",
                "_type": "reference"
            }
        },
        "image": {
            "_type": "image",
            "asset": {
                "_ref": "image-f44bcef0e41d1e23c5b672651f74e77b8e468ff1-640x640-jpg",
                "_type": "reference"
            }
        },
        "name": {
            "_type": "localeString",
            "en": "SIDES",
            "es": "",
            "fr": ""
        },
        "options": [
            {
                "_key": "1190cb6da203",
                "_ref": "2d877ec2-d0c0-4dfe-a743-b55857036e96",
                "_type": "section"
            },
            {
                "_key": "58446b8e948e",
                "_ref": "13c84b4a-e474-4c24-8ba6-aeac63c61628",
                "_type": "section"
            },
            {
                "_key": "0f51374b018b",
                "_ref": "picker_5545",
                "_type": "picker"
            }
        ]
    },
    {
        "_id": "section_5599",
        "carouselImage": {
            "_type": "image",
            "asset": {
                "_ref": "image-b59d1f327210f281e5937b7d37878237f30d28a7-870x570-png",
                "_type": "reference"
            }
        },
        "image": {
            "_type": "image",
            "asset": {
                "_ref": "image-93b1b10bd8b906c4c8a5fd9367b875bd12f95379-1571x1615-png",
                "_type": "reference"
            }
        },
        "name": {
            "_type": "localeString",
            "en": "DRINKS & COFFEE",
            "es": "",
            "fr": ""
        },
        "options": [
            {
                "_key": "1905c33f56d4",
                "_ref": "cfdd672b-fa4b-4bb2-87fb-b8b79ba9bf78",
                "_type": "picker"
            },
            {
                "_key": "1e34f0b413bc",
                "_ref": "65e9e6f7-fd50-4458-acb7-b83a7dc85710",
                "_type": "picker"
            },
            {
                "_key": "b650f22e3bb8",
                "_ref": "6fe4a42c-4e80-45ee-8c95-d36fc6cf9cff",
                "_type": "picker"
            },
            {
                "_key": "dde2a82c887b",
                "_ref": "item_9923",
                "_type": "item"
            },
            {
                "_key": "f08361b35c31",
                "_ref": "item_767",
                "_type": "item"
            },
            {
                "_key": "91ba4a787abe",
                "_ref": "item_13925",
                "_type": "item"
            }
        ]
    },
    {
        "_id": "section_5600",
        "carouselImage": {
            "_type": "image",
            "asset": {
                "_ref": "image-1528123bdb95ceb10484008dba111a86d4e8ed0a-870x570-png",
                "_type": "reference"
            }
        },
        "image": {
            "_type": "image",
            "asset": {
                "_ref": "image-b096617f3eebdc3a1508a2374374953013482fc0-1163x639-png",
                "_type": "reference"
            },
            "crop": {
                "_type": "sanity.imageCrop",
                "bottom": 0.008095527221210319,
                "left": 0.29066666666666674,
                "right": 0.007444444444444476,
                "top": 0
            },
            "hotspot": {
                "_type": "sanity.imageHotspot",
                "height": 0.9919044727787897,
                "width": 0.6909999999999997,
                "x": 0.6435,
                "y": 0.49595223638939484
            }
        },
        "name": {
            "_type": "localeString",
            "en": "SWEETS",
            "es": "",
            "fr": ""
        },
        "options": [
            {
                "_key": "df59c8259352",
                "_ref": "item_724",
                "_type": "item"
            },
            {
                "_key": "item_25270",
                "_ref": "item_25270",
                "_type": "item"
            },
            {
                "_key": "item_9923",
                "_ref": "item_9923",
                "_type": "item"
            },
            {
                "_key": "0c40c061a937",
                "_ref": "item_767",
                "_type": "item"
            },
            {
                "_key": "26ee5170d784",
                "_ref": "item_43522",
                "_type": "item"
            },
            {
                "_key": "item_220",
                "_ref": "item_220",
                "_type": "item"
            }
        ]
    },
    {
        "_id": "section_5601",
        "carouselImage": {
            "_type": "image",
            "asset": {
                "_ref": "image-ababf4fe179a4b49ce2a3500557884faaae7d7ea-870x570-png",
                "_type": "reference"
            }
        },
        "image": {
            "_type": "image",
            "asset": {
                "_ref": "image-afc16731a86a21082c71d962e31a9d0c465bd9df-393x450-jpg",
                "_type": "reference"
            },
            "crop": {
                "_type": "sanity.imageCrop",
                "bottom": 0,
                "left": 0,
                "right": 0,
                "top": 0
            },
            "hotspot": {
                "_type": "sanity.imageHotspot",
                "height": 0,
                "width": 0,
                "x": 0.645061728395062,
                "y": 0.4946090534979424
            }
        },
        "name": {
            "_type": "localeString",
            "en": "SALADS & MORE",
            "es": "",
            "fr": ""
        },
        "options": [
            {
                "_key": "picker_5538",
                "_ref": "picker_5538",
                "_type": "picker"
            },
            {
                "_key": "item_33830",
                "_ref": "item_33830",
                "_type": "item"
            },
            {
                "_key": "item_33831",
                "_ref": "item_33831",
                "_type": "item"
            }
        ]
    },
    {
        "_id": "section_5603",
        "carouselImage": {
            "_type": "image",
            "asset": {
                "_ref": "image-2c9308c9cb0496ecc7b7efc113944be9819994dc-1188x918-png",
                "_type": "reference"
            }
        },
        "description": {
            "_type": "localeBlockContent",
            "en": [
                {
                    "_key": "5a0a30102fe1",
                    "_type": "block",
                    "children": [
                        {
                            "_key": "5a0a30102fe10",
                            "_type": "span",
                            "marks": [],
                            "text": " "
                        }
                    ],
                    "markDefs": [],
                    "style": "normal"
                }
            ]
        },
        "image": {
            "_type": "image",
            "asset": {
                "_ref": "image-db6227af90e7d27e32863284485c38ebd61def66-720x800-jpg",
                "_type": "reference"
            },
            "crop": {
                "_type": "sanity.imageCrop",
                "bottom": 0.1158682634730539,
                "left": 0.13772455089820346,
                "right": 0.2724550898203588,
                "top": 0.23443113772455132
            },
            "hotspot": {
                "_type": "sanity.imageHotspot",
                "height": 0.5904191616766461,
                "width": 0.48802395209580784,
                "x": 0.4236526946107787,
                "y": 0.588922155688623
            }
        },
        "name": {
            "_type": "localeString",
            "en": "KING JR. ",
            "es": "",
            "fr": ""
        },
        "options": [
            {
                "_key": "d66eb6f01d1d",
                "_ref": "54b393c6-f3b4-4655-9658-5b129b78c5f8",
                "_type": "picker"
            },
            {
                "_key": "821a8ff20b9f",
                "_ref": "Ue2QvIr9cu0xUyiKrkPcA3",
                "_type": "picker"
            },
            {
                "_key": "52e358ebd85b",
                "_ref": "5ef730a8-a140-41b7-b3f9-fbc7745b609c",
                "_type": "picker"
            }
        ]
    }
]